source,model,dataset,defense,p100_acc,p100_asr,p80_acc,p80_asr,p60_acc,p60_asr,p40_acc,p40_asr,p20_acc,p20_asr,p0_acc
TrustRAG Table 2,Llama3.1-8B,NQ,Vanilla RAG,2,98,2,98,3,97,4,93,26,73,71
TrustRAG Table 2,Llama3.1-8B,NQ,RobustRAG (keyword),11,83,15,75,23,63,37,46,51,27,61
TrustRAG Table 2,Llama3.1-8B,NQ,InstructRAG-ICL,27,69,38,56,40,56,51,45,58,37,68
TrustRAG Table 2,Llama3.1-8B,NQ,AstuteRAG,61,29,64,24,68,19,69,18,77,11,75
TrustRAG Table 2,Llama3.1-8B,NQ,TrustRAG stage 1,67,6,51,19,56,3,62,2,43,50,65
TrustRAG Table 2,Llama3.1-8B,NQ,TrustRAG,83,2,85,1,84,1,83,1,82,9,82
TrustRAG Table 2,Llama3.1-8B,MS-MARCO,Vanilla RAG,3,97,3,96,5,94,7,93,28,70,79
TrustRAG Table 2,Llama3.1-8B,MS-MARCO,RobustRAG (keyword),25,68,28,66,37,54,57,34,67,19,73
TrustRAG Table 2,Llama3.1-8B,MS-MARCO,InstructRAG,44,54,47,51,49,45,60,36,63,33,89
TrustRAG Table 2,Llama3.1-8B,MS-MARCO,AstuteRAG,26,73,40,57,50,47,52,44,54,41,83
TrustRAG Table 2,Llama3.1-8B,MS-MARCO,TrustRAG stage 1,77,7,64,18,72,7,78,6,45,47,81
TrustRAG Table 2,Llama3.1-8B,MS-MARCO,TrustRAG,87,5,84,8,85,7,85,7,83,11,85
TrustRAG Table 2,Llama3.1-8B,HotpotQA,Vanilla RAG,1,99,2,97,6,94,5,94,27,81,71
TrustRAG Table 2,Llama3.1-8B,HotpotQA,RobustRAG (keyword),8,89,10,87,19,76,33,57,40,50,54
TrustRAG Table 2,Llama3.1-8B,HotpotQA,InstructRAG-ICL,26,73,40,57,50,47,52,44,54,41,83
TrustRAG Table 2,Llama3.1-8B,HotpotQA,AstuteRAG,48,41,53,38,59,30,59,31,65,16,65
TrustRAG Table 2,Llama3.1-8B,HotpotQA,TrustRAG stage 1,54,6,61,12,72,3,66,2,43,47,70
TrustRAG Table 2,Llama3.1-8B,HotpotQA,TrustRAG,67,4,71,4,70,7,69,5,66,18,74
